{
    "loss": 3.8580586910247803,
    "accuracy": 0.8056184649467468
}