{
    "loss": 29.315048217773438,
    "accuracy": 0.690077006816864
}